Test name,Total connections,Duration,Conn Rate,Reply Size
Large,1000,0.165,6067.8,483.0
Large,1000,0.175,5700.1,483.0
Large,1000,0.154,6501.4,483.0
Large,1000,0.150,6678.0,483.0
Large,1000,0.161,6213.1,483.0
Large,1000,0.153,6549.0,483.0
Large,1000,0.153,6517.3,483.0
Large,1000,0.154,6495.7,483.0
Large,1000,0.145,6886.5,483.0
Large,1000,0.148,6756.8,483.0
Large,1000,0.144,6921.4,483.0
Large,1000,0.146,6828.0,483.0
Large,1000,0.146,6854.8,483.0
Large,1000,0.149,6710.9,483.0
Large,1000,0.147,6820.2,483.0
Large,1000,0.147,6792.6,483.0
Large,1000,0.149,6706.3,483.0
Large,1000,0.146,6849.4,483.0
Large,1000,0.149,6710.2,483.0
Large,1000,0.148,6768.3,483.0
Large,1000,0.153,6520.7,483.0
Large,1000,0.148,6766.3,483.0
Large,1000,0.150,6678.6,483.0
Large,1000,0.148,6743.0,483.0
Large,1000,0.144,6941.0,483.0
Large,1000,0.148,6746.9,483.0
Large,1000,0.151,6643.2,483.0
Large,1000,0.161,6206.3,483.0
Large,1000,0.166,6029.0,483.0
Large,1000,0.169,5915.5,483.0
Large,1000,0.159,6286.1,483.0
Large,1000,0.177,5663.9,483.0
Large,1000,0.174,5739.8,483.0
Large,1000,0.161,6205.4,483.0
Large,1000,0.165,6075.6,483.0
Large,1000,0.161,6212.9,483.0
Large,1000,0.158,6327.2,483.0
Large,1000,0.170,5890.2,483.0
Large,1000,0.158,6329.9,483.0
Large,1000,0.173,5789.4,483.0
Large,1000,0.170,5885.7,483.0
Large,1000,0.176,5676.8,483.0
Large,1000,0.184,5445.1,483.0
Large,1000,0.170,5894.9,483.0
Large,1000,0.171,5845.6,483.0
Large,1000,0.183,5471.3,483.0
Large,1000,0.166,6028.5,483.0
Large,1000,0.179,5578.1,483.0
Large,1000,0.175,5699.3,483.0
Large,1000,0.159,6304.8,483.0
Large,1000,0.147,6823.8,483.0
Large,1000,0.153,6552.5,483.0
Large,1000,0.167,5975.5,483.0
Large,1000,0.170,5889.9,483.0
Large,1000,0.144,6929.3,483.0
Large,1000,0.150,6658.5,483.0
Large,1000,0.146,6833.0,483.0
Large,1000,0.148,6754.8,483.0
Large,1000,0.152,6593.6,483.0
Large,1000,0.163,6139.9,483.0
Large,1000,0.150,6658.0,483.0
Large,1000,0.157,6369.1,483.0
Large,1000,0.173,5791.3,483.0
Large,1000,0.171,5847.3,483.0
Large,1000,0.186,5365.3,483.0
Large,1000,0.172,5803.5,483.0
Large,1000,0.176,5687.0,483.0
Large,1000,0.180,5567.3,483.0
Large,1000,0.195,5128.7,483.0
Large,1000,0.169,5902.1,483.0
Large,1000,0.177,5658.3,483.0
Large,1000,0.170,5872.8,483.0
Large,1000,0.183,5450.6,483.0
Large,1000,0.179,5601.5,483.0
Large,1000,0.175,5728.7,483.0
Large,1000,0.177,5661.1,483.0
Large,1000,0.187,5349.7,483.0
Large,1000,0.179,5581.2,483.0
Large,1000,0.175,5702.6,483.0
Large,1000,0.177,5635.1,483.0
Large,1000,0.181,5510.6,483.0
Large,1000,0.176,5690.2,483.0
Large,1000,0.181,5535.3,483.0
Large,1000,0.173,5789.5,483.0
Large,1000,0.192,5210.5,483.0
Large,1000,0.178,5605.1,483.0
Large,1000,0.166,6019.9,483.0
Large,1000,0.170,5883.4,483.0
Large,1000,0.178,5631.2,483.0
Large,1000,0.163,6141.1,483.0
Large,1000,0.194,5161.7,483.0
Large,1000,0.194,5146.9,483.0
Large,1000,0.169,5903.7,483.0
Large,1000,0.176,5667.1,483.0
Large,1000,0.151,6631.0,483.0
Large,1000,0.147,6810.4,483.0
Large,1000,0.151,6617.4,483.0
Large,1000,0.161,6204.7,483.0
Large,1000,0.148,6764.0,483.0
Large,1000,0.166,6019.5,483.0
Large,1000,0.148,6777.0,483.0
Large,1000,0.163,6117.9,483.0
Large,1000,0.151,6631.5,483.0
Large,1000,0.158,6348.6,483.0
Large,1000,0.150,6668.2,483.0
Large,1000,0.153,6546.0,483.0
Large,1000,0.166,6016.1,483.0
Large,1000,0.157,6359.2,483.0
Large,1000,0.151,6644.5,483.0
Large,1000,0.152,6594.0,483.0
Large,1000,0.148,6765.2,483.0
Large,1000,0.167,6001.2,483.0
Large,1000,0.165,6073.7,483.0
Large,1000,0.153,6526.7,483.0
Large,1000,0.151,6640.9,483.0
Large,1000,0.157,6367.5,483.0
Large,1000,0.156,6393.2,483.0
Large,1000,0.160,6267.1,483.0
Large,1000,0.181,5523.1,483.0
Large,1000,0.147,6789.8,483.0
Large,1000,0.151,6619.5,483.0
Large,1000,0.148,6776.9,483.0
Large,1000,0.170,5884.9,483.0
Large,1000,0.168,5944.5,483.0
Large,1000,0.148,6767.8,483.0
Large,1000,0.163,6134.4,483.0
Large,1000,0.166,6017.6,483.0
Large,1000,0.160,6253.4,483.0
Large,1000,0.161,6194.2,483.0
Large,1000,0.165,6062.5,483.0
Large,1000,0.153,6518.9,483.0
Large,1000,0.150,6686.6,483.0
Large,1000,0.158,6345.3,483.0
Large,1000,0.149,6724.5,483.0
Large,1000,0.172,5819.1,483.0
Large,1000,0.161,6198.2,483.0
Large,1000,0.175,5713.9,483.0
Large,1000,0.152,6572.5,483.0
Large,1000,0.184,5447.2,483.0
Large,1000,0.155,6469.3,483.0
Large,1000,0.161,6207.2,483.0
Large,1000,0.169,5932.4,483.0
Large,1000,0.165,6048.4,483.0
Large,1000,0.165,6058.3,483.0
Large,1000,0.150,6677.7,483.0
Large,1000,0.149,6716.9,483.0
Large,1000,0.148,6761.8,483.0
Large,1000,0.153,6556.0,483.0
Large,1000,0.150,6671.7,483.0
Large,1000,0.150,6649.2,483.0
Large,1000,0.148,6764.6,483.0
Large,1000,0.150,6683.2,483.0
Large,1000,0.154,6494.0,483.0
Large,1000,0.150,6651.8,483.0
Large,1000,0.162,6170.2,483.0
Large,1000,0.162,6174.1,483.0
Large,1000,0.170,5880.0,483.0
Large,1000,0.149,6695.2,483.0
Large,1000,0.169,5925.3,483.0
Large,1000,0.151,6612.0,483.0
Large,1000,0.150,6688.1,483.0
Large,1000,0.163,6145.8,483.0
Large,1000,0.162,6167.1,483.0
Large,1000,0.148,6762.5,483.0
Large,1000,0.172,5822.5,483.0
Large,1000,0.151,6632.2,483.0
Large,1000,0.174,5761.4,483.0
Large,1000,0.190,5274.0,483.0
Large,1000,0.200,4988.4,483.0
Large,1000,0.160,6262.4,483.0
Large,1000,0.167,5975.5,483.0
Large,1000,0.175,5710.1,483.0
Large,1000,0.176,5688.2,483.0
Large,1000,0.180,5541.5,483.0
Large,1000,0.188,5314.5,483.0
Large,1000,0.198,5043.3,483.0
Large,1000,0.175,5718.8,483.0
Large,1000,0.189,5277.8,483.0
Large,1000,0.164,6109.0,483.0
Large,1000,0.189,5281.1,483.0
Large,1000,0.197,5080.4,483.0
Large,1000,0.183,5454.2,483.0
Large,1000,0.180,5545.7,483.0
Large,1000,0.171,5852.8,483.0
Large,1000,0.175,5718.9,483.0
Large,1000,0.174,5743.9,483.0
Large,1000,0.190,5265.3,483.0
Large,1000,0.181,5539.0,483.0
Large,1000,0.155,6455.3,483.0
Large,1000,0.174,5745.1,483.0
Large,1000,0.161,6218.5,483.0
Large,1000,0.170,5889.2,483.0
Large,1000,0.148,6747.0,483.0
Large,1000,0.167,5984.2,483.0
Large,1000,0.157,6368.8,483.0
Large,1000,0.155,6453.0,483.0
Large,1000,0.154,6486.1,483.0
Large,1000,0.169,5933.1,483.0
Large,1000,0.156,6402.5,483.0
Large,1000,0.161,6217.5,483.0
Large,1000,0.167,5972.3,483.0
Large,1000,0.141,7112.5,483.0
Large,1000,0.141,7075.7,483.0
Large,1000,0.148,6739.5,483.0
Large,1000,0.141,7105.4,483.0
Large,1000,0.142,7034.6,483.0
Large,1000,0.168,5957.1,483.0
Large,1000,0.140,7161.6,483.0
Large,1000,0.143,7009.6,483.0
Large,1000,0.165,6078.8,483.0
Large,1000,0.140,7158.2,483.0
Large,1000,0.153,6524.7,483.0
Large,1000,0.141,7075.6,483.0
Large,1000,0.163,6148.6,483.0
Large,1000,0.148,6764.5,483.0
Large,1000,0.172,5804.6,483.0
Large,1000,0.150,6667.3,483.0
Large,1000,0.158,6335.6,483.0
Large,1000,0.150,6650.1,483.0
Large,1000,0.171,5841.0,483.0
Large,1000,0.155,6435.4,483.0
Large,1000,0.165,6073.3,483.0
Large,1000,0.159,6292.2,483.0
Large,1000,0.174,5739.7,483.0
Large,1000,0.151,6610.3,483.0
Large,1000,0.151,6602.9,483.0
Large,1000,0.179,5598.5,483.0
Large,1000,0.160,6263.9,483.0
Large,1000,0.157,6377.0,483.0
Large,1000,0.152,6583.5,483.0
Large,1000,0.191,5233.6,483.0
Large,1000,0.150,6647.5,483.0
Large,1000,0.153,6520.5,483.0
Large,1000,0.151,6602.6,483.0
Large,1000,0.177,5641.6,483.0
Large,1000,0.150,6647.6,483.0
Large,1000,0.169,5909.8,483.0
Large,1000,0.190,5258.7,483.0
Large,1000,0.183,5458.4,483.0
Large,1000,0.186,5385.2,483.0
Large,1000,0.185,5418.5,483.0
Large,1000,0.163,6120.5,483.0
Large,1000,0.171,5847.0,483.0
Large,1000,0.164,6103.1,483.0
Large,1000,0.175,5721.5,483.0
Large,1000,0.178,5611.8,483.0
Large,1000,0.175,5722.5,483.0
Large,1000,0.166,6015.8,483.0
Large,1000,0.178,5608.7,483.0
Large,1000,0.172,5820.5,483.0
Large,1000,0.176,5692.3,483.0
Large,1000,0.205,4872.3,483.0
Large,1000,0.169,5923.3,483.0
Large,1000,0.187,5352.8,483.0
Large,1000,0.168,5942.1,483.0
Large,1000,0.177,5649.8,483.0
Large,1000,0.176,5691.4,483.0
Large,1000,0.170,5871.2,483.0
Large,1000,0.191,5222.4,483.0
Large,1000,0.193,5168.7,483.0
Large,1000,0.178,5625.4,483.0
Large,1000,0.183,5463.2,483.0
Large,1000,0.176,5697.2,483.0
Large,1000,0.180,5544.7,483.0
Large,1000,0.185,5411.1,483.0
Large,1000,0.178,5602.9,483.0
Large,1000,0.172,5814.3,483.0
Large,1000,0.170,5893.1,483.0
Large,1000,0.159,6286.5,483.0
Large,1000,0.150,6647.6,483.0
Large,1000,0.148,6752.2,483.0
Large,1000,0.154,6500.1,483.0
Large,1000,0.160,6236.9,483.0
Large,1000,0.149,6718.5,483.0
Large,1000,0.148,6737.9,483.0
Large,1000,0.147,6822.8,483.0
Large,1000,0.150,6669.1,483.0
Large,1000,0.154,6484.9,483.0
Large,1000,0.152,6580.7,483.0
Large,1000,0.173,5777.2,483.0
Large,1000,0.154,6513.8,483.0
Large,1000,0.147,6786.6,483.0
Large,1000,0.153,6517.3,483.0
Large,1000,0.168,5960.1,483.0
Large,1000,0.157,6380.4,483.0
Large,1000,0.153,6521.5,483.0
Large,1000,0.155,6459.9,483.0
Large,1000,0.147,6790.7,483.0
Large,1000,0.149,6689.4,483.0
Large,1000,0.156,6398.2,483.0
Large,1000,0.152,6568.4,483.0
Large,1000,0.151,6607.5,483.0
Large,1000,0.185,5391.7,483.0
Large,1000,0.160,6259.6,483.0
Large,1000,0.153,6536.2,483.0
Large,1000,0.151,6618.8,483.0
Large,1000,0.151,6618.7,483.0
Large,1000,0.153,6519.2,483.0
Large,1000,0.174,5759.6,483.0
Large,1000,0.153,6537.5,483.0
Large,1000,0.158,6324.0,483.0
Large,1000,0.148,6740.9,483.0
Large,1000,0.149,6714.8,483.0
Large,1000,0.156,6412.3,483.0
Large,1000,0.149,6695.0,483.0
Large,1000,0.152,6561.0,483.0
Large,1000,0.190,5270.0,483.0
Large,1000,0.183,5459.9,483.0
Large,1000,0.192,5217.2,483.0
Large,1000,0.178,5603.7,483.0
Large,1000,0.171,5845.1,483.0
Large,1000,0.170,5894.8,483.0
Large,1000,0.159,6300.0,483.0
Large,1000,0.169,5925.5,483.0
Large,1000,0.173,5785.0,483.0
Large,1000,0.168,5967.2,483.0
Large,1000,0.193,5184.9,483.0
Large,1000,0.161,6201.3,483.0
Large,1000,0.167,5977.7,483.0
Large,1000,0.178,5611.6,483.0
Large,1000,0.191,5240.2,483.0
Large,1000,0.180,5557.9,483.0
Large,1000,0.194,5158.7,483.0
Large,1000,0.187,5347.2,483.0
Large,1000,0.183,5449.8,483.0
Large,1000,0.181,5531.6,483.0
Large,1000,0.214,4669.8,483.0
Large,1000,0.191,5248.2,483.0
Large,1000,0.149,6727.2,483.0
Large,1000,0.147,6787.4,483.0
Large,1000,0.147,6785.9,483.0
Large,1000,0.147,6784.3,483.0
Large,1000,0.150,6656.4,483.0
Large,1000,0.153,6547.3,483.0
Large,1000,0.147,6802.9,483.0
Large,1000,0.148,6765.5,483.0
Large,1000,0.150,6664.2,483.0
Large,1000,0.150,6679.2,483.0
Large,1000,0.150,6655.0,483.0
Large,1000,0.165,6077.1,483.0
Large,1000,0.164,6102.8,483.0
Large,1000,0.175,5702.6,483.0
Large,1000,0.185,5407.5,483.0
Large,1000,0.176,5686.9,483.0
Large,1000,0.171,5853.5,483.0
Large,1000,0.194,5144.1,483.0
Large,1000,0.206,4857.0,483.0
Large,1000,0.191,5222.4,483.0
Large,1000,0.178,5605.2,483.0
Large,1000,0.193,5175.3,483.0
Large,1000,0.182,5484.7,483.0
Large,1000,0.175,5701.5,483.0
Large,1000,0.174,5747.1,483.0
Large,1000,0.168,5959.7,483.0
Large,1000,0.187,5345.0,483.0
Large,1000,0.181,5512.2,483.0
Large,1000,0.176,5678.8,483.0
Large,1000,0.195,5132.9,483.0
Large,1000,0.184,5425.7,483.0
Large,1000,0.178,5605.9,483.0
Large,1000,0.172,5815.8,483.0
Large,1000,0.177,5654.1,483.0
Large,1000,0.167,5980.3,483.0
Large,1000,0.185,5410.2,483.0
Large,1000,0.201,4971.2,483.0
Large,1000,0.184,5447.8,483.0
Large,1000,0.171,5862.3,483.0
Large,1000,0.167,6000.3,483.0
Large,1000,0.165,6051.5,483.0
Large,1000,0.175,5704.3,483.0
Large,1000,0.180,5560.5,483.0
Large,1000,0.188,5314.2,483.0
Large,1000,0.200,4989.8,483.0
Large,1000,0.208,4808.3,483.0
Large,1000,0.208,4812.8,483.0
Large,1000,0.212,4725.1,483.0
Large,1000,0.199,5031.8,483.0
Large,1000,0.197,5074.5,483.0
Large,1000,0.209,4791.2,483.0
Large,1000,0.197,5068.8,483.0
Large,1000,0.191,5247.4,483.0
Large,1000,0.201,4964.3,483.0
Large,1000,0.221,4530.5,483.0
Large,1000,0.230,4340.3,483.0
Large,1000,0.206,4856.1,483.0
Large,1000,0.227,4407.3,483.0
Large,1000,0.215,4658.3,483.0
Large,1000,0.221,4533.9,483.0
Large,1000,0.221,4521.6,483.0
Large,1000,0.196,5090.7,483.0
Large,1000,0.214,4663.7,483.0
Large,1000,0.203,4932.4,483.0
Large,1000,0.224,4469.2,483.0
Large,1000,0.200,4991.1,483.0
Large,1000,0.210,4754.5,483.0
Large,1000,0.203,4931.0,483.0
Large,1000,0.213,4691.7,483.0
Large,1000,0.200,4992.2,483.0
Large,1000,0.195,5138.5,483.0
Large,1000,0.208,4812.4,483.0
Large,1000,0.188,5305.5,483.0
Large,1000,0.185,5401.3,483.0
Large,1000,0.194,5162.5,483.0
Large,1000,0.168,5935.5,483.0
Large,1000,0.170,5887.7,483.0
Large,1000,0.168,5937.0,483.0
Large,1000,0.198,5056.6,483.0
Large,1000,0.186,5381.5,483.0
Large,1000,0.196,5093.6,483.0
Large,1000,0.190,5258.0,483.0
Large,1000,0.178,5616.9,483.0
Large,1000,0.198,5058.2,483.0
Large,1000,0.168,5951.3,483.0
Large,1000,0.202,4942.2,483.0
Large,1000,0.162,6166.4,483.0
Large,1000,0.173,5765.7,483.0
Large,1000,0.198,5046.6,483.0
Large,1000,0.200,4998.8,483.0
Large,1000,0.178,5628.6,483.0
Large,1000,0.193,5193.8,483.0
Large,1000,0.183,5472.9,483.0
Large,1000,0.189,5291.5,483.0
Large,1000,0.185,5412.9,483.0
Large,1000,0.169,5918.7,483.0
Large,1000,0.194,5148.2,483.0
Large,1000,0.179,5596.9,483.0
Large,1000,0.169,5912.5,483.0
Large,1000,0.175,5706.2,483.0
Large,1000,0.182,5508.2,483.0
Large,1000,0.183,5456.5,483.0
Large,1000,0.186,5380.8,483.0
Large,1000,0.214,4673.5,483.0
Large,1000,0.223,4484.9,483.0
Large,1000,0.195,5124.1,483.0
Large,1000,0.212,4723.8,483.0
Large,1000,0.190,5264.0,483.0
Large,1000,0.226,4427.6,483.0
Large,1000,0.211,4736.3,483.0
Large,1000,0.212,4706.6,483.0
Large,1000,0.225,4440.2,483.0
Large,1000,0.218,4589.2,483.0
Large,1000,0.198,5055.6,483.0
Large,1000,0.197,5068.3,483.0
Large,1000,0.227,4414.3,483.0
Large,1000,0.213,4698.8,483.0
Large,1000,0.234,4266.0,483.0
Large,1000,0.211,4744.6,483.0
Large,1000,0.222,4497.9,483.0
Large,1000,0.203,4915.0,483.0
Large,1000,0.206,4843.7,483.0
Large,1000,0.186,5378.9,483.0
Large,1000,0.217,4612.0,483.0
Large,1000,0.174,5731.2,483.0
Large,1000,0.196,5091.5,483.0
Large,1000,0.175,5713.8,483.0
Large,1000,0.183,5459.9,483.0
Large,1000,0.174,5741.5,483.0
Large,1000,0.175,5724.7,483.0
Large,1000,0.192,5214.8,483.0
Large,1000,0.149,6696.5,483.0
Large,1000,0.148,6745.3,483.0
Large,1000,0.159,6299.2,483.0
Large,1000,0.149,6729.9,483.0
Large,1000,0.186,5380.3,483.0
Large,1000,0.167,5980.4,483.0
Large,1000,0.173,5789.8,483.0
Large,1000,0.157,6357.5,483.0
Large,1000,0.159,6278.0,483.0
Large,1000,0.173,5763.9,483.0
Large,1000,0.169,5908.5,483.0
Large,1000,0.176,5692.8,483.0
Large,1000,0.178,5619.5,483.0
Large,1000,0.182,5506.4,483.0
Large,1000,0.193,5172.9,483.0
Large,1000,0.179,5582.1,483.0
Large,1000,0.171,5837.9,483.0
Large,1000,0.194,5154.5,483.0
Large,1000,0.175,5718.1,483.0
Large,1000,0.181,5511.1,483.0
Large,1000,0.179,5589.4,483.0
Large,1000,0.190,5250.8,483.0
Large,1000,0.187,5355.1,483.0
Large,1000,0.198,5042.5,483.0
Large,1000,0.176,5670.1,483.0
Large,1000,0.184,5427.1,483.0
Large,1000,0.174,5732.2,483.0
Large,1000,0.187,5357.0,483.0
Large,1000,0.182,5481.9,483.0
Large,1000,0.209,4785.3,483.0
Large,1000,0.178,5609.9,483.0
Large,1000,0.187,5354.6,483.0
Large,1000,0.161,6201.1,483.0
Large,1000,0.151,6625.1,483.0
Large,1000,0.149,6692.7,483.0
Large,1000,0.160,6262.9,483.0
Large,1000,0.159,6278.9,483.0
Large,1000,0.170,5891.7,483.0
Large,1000,0.161,6203.0,483.0
Large,1000,0.178,5609.6,483.0
Large,1000,0.169,5931.3,483.0
Medium,1000,0.158,6338.1,483.0
Medium,1000,0.156,6397.3,483.0
Medium,1000,0.156,6406.1,483.0
Medium,1000,0.199,5032.8,483.0
Medium,1000,0.174,5760.3,483.0
Medium,1000,0.179,5588.9,483.0
Medium,1000,0.197,5074.8,483.0
Medium,1000,0.181,5515.0,483.0
Medium,1000,0.165,6054.1,483.0
Medium,1000,0.162,6172.4,483.0
Medium,1000,0.174,5760.0,483.0
Medium,1000,0.171,5855.5,483.0
Medium,1000,0.156,6424.5,483.0
Medium,1000,0.179,5601.2,483.0
Medium,1000,0.160,6263.3,483.0
Medium,1000,0.172,5822.1,483.0
Medium,1000,0.223,4483.5,483.0
Medium,1000,0.205,4882.1,483.0
Medium,1000,0.193,5187.5,483.0
Medium,1000,0.231,4322.1,483.0
Medium,1000,0.204,4903.0,483.0
Medium,1000,0.191,5239.3,483.0
Medium,1000,0.205,4872.4,483.0
Medium,1000,0.213,4692.3,483.0
Medium,1000,0.240,4169.9,483.0
Medium,1000,0.225,4449.8,483.0
Medium,1000,0.225,4449.2,483.0
Medium,1000,0.231,4336.7,483.0
Medium,1000,0.206,4847.3,483.0
Medium,1000,0.202,4947.4,483.0
Medium,1000,0.250,3997.5,483.0
Medium,1000,0.229,4369.1,483.0
Medium,1000,0.206,4862.3,483.0
Medium,1000,0.198,5050.2,483.0
Medium,1000,0.180,5554.9,483.0
Medium,1000,0.197,5075.0,483.0
Medium,1000,0.195,5133.1,483.0
Medium,1000,0.204,4904.3,483.0
Medium,1000,0.190,5262.7,483.0
Medium,1000,0.191,5246.3,483.0
Medium,1000,0.188,5319.9,483.0
Medium,1000,0.172,5825.3,483.0
Medium,1000,0.168,5943.1,483.0
Medium,1000,0.167,5970.4,483.0
Medium,1000,0.173,5779.6,483.0
Medium,1000,0.167,6002.0,483.0
Medium,1000,0.175,5703.9,483.0
Medium,1000,0.187,5335.7,483.0
Medium,1000,0.176,5691.2,483.0
Medium,1000,0.169,5910.2,483.0
Medium,1000,0.202,4960.3,483.0
Medium,1000,0.179,5576.1,483.0
Medium,1000,0.180,5555.3,483.0
Medium,1000,0.170,5882.6,483.0
Medium,1000,0.155,6435.5,483.0
Medium,1000,0.178,5625.7,483.0
Medium,1000,0.156,6417.7,483.0
Medium,1000,0.164,6084.7,483.0
Medium,1000,0.156,6418.6,483.0
Medium,1000,0.171,5850.6,483.0
Medium,1000,0.148,6740.5,483.0
Medium,1000,0.152,6599.4,483.0
Medium,1000,0.148,6734.2,483.0
Medium,1000,0.149,6723.6,483.0
Medium,1000,0.148,6754.2,483.0
Medium,1000,0.150,6671.9,483.0
Medium,1000,0.147,6793.2,483.0
Medium,1000,0.148,6759.6,483.0
Medium,1000,0.147,6801.0,483.0
Medium,1000,0.153,6537.4,483.0
Medium,1000,0.148,6754.2,483.0
Medium,1000,0.154,6478.2,483.0
Medium,1000,0.148,6774.3,483.0
Medium,1000,0.161,6216.0,483.0
Medium,1000,0.205,4870.0,483.0
Medium,1000,0.152,6578.0,483.0
Medium,1000,0.165,6057.3,483.0
Medium,1000,0.158,6324.0,483.0
Medium,1000,0.204,4890.8,483.0
Medium,1000,0.188,5320.9,483.0
Medium,1000,0.199,5013.9,483.0
Medium,1000,0.179,5601.8,483.0
Medium,1000,0.168,5938.5,483.0
Medium,1000,0.177,5657.6,483.0
Medium,1000,0.171,5855.9,483.0
Medium,1000,0.178,5618.8,483.0
Medium,1000,0.183,5460.7,483.0
Medium,1000,0.175,5708.3,483.0
Medium,1000,0.193,5190.7,483.0
Medium,1000,0.205,4871.2,483.0
Medium,1000,0.207,4820.8,483.0
Medium,1000,0.204,4890.1,483.0
Medium,1000,0.194,5143.3,483.0
Medium,1000,0.197,5087.4,483.0
Medium,1000,0.202,4947.0,483.0
Medium,1000,0.200,5001.7,483.0
Medium,1000,0.204,4893.0,483.0
Medium,1000,0.216,4630.7,483.0
Medium,1000,0.191,5248.3,483.0
Medium,1000,0.177,5665.3,483.0
Medium,1000,0.204,4898.5,483.0
Medium,1000,0.184,5431.9,483.0
Medium,1000,0.188,5315.1,483.0
Medium,1000,0.167,5982.2,483.0
Medium,1000,0.181,5539.3,483.0
Medium,1000,0.200,5002.2,483.0
Medium,1000,0.224,4456.3,483.0
Medium,1000,0.202,4959.0,483.0
Medium,1000,0.198,5058.9,483.0
Medium,1000,0.191,5247.9,483.0
Medium,1000,0.188,5321.7,483.0
Medium,1000,0.197,5063.7,483.0
Medium,1000,0.169,5926.8,483.0
Medium,1000,0.182,5497.1,483.0
Medium,1000,0.176,5668.9,483.0
Medium,1000,0.176,5666.5,483.0
Medium,1000,0.177,5647.7,483.0
Medium,1000,0.171,5841.8,483.0
Medium,1000,0.195,5119.7,483.0
Medium,1000,0.207,4841.6,483.0
Medium,1000,0.203,4928.2,483.0
Medium,1000,0.219,4570.7,483.0
Medium,1000,0.225,4450.0,483.0
Medium,1000,0.214,4670.4,483.0
Medium,1000,0.224,4458.2,483.0
Medium,1000,0.205,4873.2,483.0
Medium,1000,0.211,4743.6,483.0
Medium,1000,0.205,4872.4,483.0
Medium,1000,0.192,5197.9,483.0
Medium,1000,0.206,4859.8,483.0
Medium,1000,0.209,4774.7,483.0
Medium,1000,0.209,4778.5,483.0
Medium,1000,0.192,5214.4,483.0
Medium,1000,0.199,5035.8,483.0
Medium,1000,0.222,4495.3,483.0
Medium,1000,0.223,4492.5,483.0
Medium,1000,0.211,4744.0,483.0
Medium,1000,0.208,4799.8,483.0
Medium,1000,0.204,4905.6,483.0
Medium,1000,0.224,4469.0,483.0
Medium,1000,0.185,5415.8,483.0
Medium,1000,0.209,4779.1,483.0
Medium,1000,0.189,5297.1,483.0
Medium,1000,0.202,4957.6,483.0
Medium,1000,0.207,4840.3,483.0
Medium,1000,0.225,4443.5,483.0
Medium,1000,0.179,5588.5,483.0
Medium,1000,0.173,5764.7,483.0
Medium,1000,0.166,6042.2,483.0
Medium,1000,0.170,5897.4,483.0
Medium,1000,0.184,5431.0,483.0
Medium,1000,0.187,5349.8,483.0
Medium,1000,0.168,5939.5,483.0
Medium,1000,0.174,5734.2,483.0
Medium,1000,0.203,4918.3,483.0
Medium,1000,0.181,5528.4,483.0
Medium,1000,0.180,5547.4,483.0
Medium,1000,0.187,5355.9,483.0
Medium,1000,0.194,5156.9,483.0
Medium,1000,0.185,5408.7,483.0
Medium,1000,0.204,4892.3,483.0
Medium,1000,0.178,5613.2,483.0
Medium,1000,0.182,5491.6,483.0
Medium,1000,0.180,5553.2,483.0
Medium,1000,0.175,5713.7,483.0
Medium,1000,0.179,5582.6,483.0
Medium,1000,0.173,5772.4,483.0
Medium,1000,0.187,5344.5,483.0
Medium,1000,0.176,5686.6,483.0
Medium,1000,0.176,5678.9,483.0
Medium,1000,0.175,5720.7,483.0
Medium,1000,0.161,6216.4,483.0
Medium,1000,0.184,5448.3,483.0
Medium,1000,0.165,6043.2,483.0
Medium,1000,0.178,5616.2,483.0
Medium,1000,0.167,5987.7,483.0
Medium,1000,0.200,5004.1,483.0
Medium,1000,0.181,5528.7,483.0
Medium,1000,0.189,5298.3,483.0
Medium,1000,0.210,4755.1,483.0
Medium,1000,0.178,5628.5,483.0
Medium,1000,0.192,5195.8,483.0
Medium,1000,0.194,5151.6,483.0
Medium,1000,0.198,5044.7,483.0
Medium,1000,0.191,5235.4,483.0
Medium,1000,0.195,5128.9,483.0
Medium,1000,0.184,5445.5,483.0
Medium,1000,0.186,5385.8,483.0
Medium,1000,0.192,5206.8,483.0
Medium,1000,0.203,4932.7,483.0
Medium,1000,0.186,5389.4,483.0
Medium,1000,0.199,5020.2,483.0
Medium,1000,0.198,5060.2,483.0
Medium,1000,0.187,5352.0,483.0
Medium,1000,0.219,4558.3,483.0
Medium,1000,0.199,5015.9,483.0
Medium,1000,0.205,4868.5,483.0
Medium,1000,0.225,4437.1,483.0
Medium,1000,0.211,4745.1,483.0
Medium,1000,0.194,5166.8,483.0
Medium,1000,0.218,4592.1,483.0
Medium,1000,0.220,4551.3,483.0
Medium,1000,0.212,4727.0,483.0
Medium,1000,0.216,4635.4,483.0
Medium,1000,0.207,4831.9,483.0
Medium,1000,0.209,4791.5,483.0
Medium,1000,0.190,5262.5,483.0
Medium,1000,0.189,5286.1,483.0
Medium,1000,0.183,5463.6,483.0
Medium,1000,0.167,5987.7,483.0
Medium,1000,0.177,5648.6,483.0
Medium,1000,0.168,5969.8,483.0
Medium,1000,0.166,6029.0,483.0
Medium,1000,0.158,6316.6,483.0
Medium,1000,0.172,5821.6,483.0
Medium,1000,0.186,5369.4,483.0
Medium,1000,0.176,5667.3,483.0
Medium,1000,0.173,5770.8,483.0
Medium,1000,0.148,6772.0,483.0
Medium,1000,0.163,6143.5,483.0
Medium,1000,0.169,5934.0,483.0
Medium,1000,0.185,5402.2,483.0
Medium,1000,0.154,6495.3,483.0
Medium,1000,0.161,6216.7,483.0
Medium,1000,0.149,6710.4,483.0
Medium,1000,0.147,6818.4,483.0
Medium,1000,0.149,6725.9,483.0
Medium,1000,0.150,6683.5,483.0
Medium,1000,0.156,6410.7,483.0
Medium,1000,0.144,6926.0,483.0
Medium,1000,0.151,6604.2,483.0
Medium,1000,0.157,6375.0,483.0
Medium,1000,0.150,6680.6,483.0
Medium,1000,0.154,6476.2,483.0
Medium,1000,0.162,6163.7,483.0
Medium,1000,0.158,6316.1,483.0
Medium,1000,0.148,6745.5,483.0
Medium,1000,0.152,6562.9,483.0
Medium,1000,0.150,6653.2,483.0
Medium,1000,0.162,6182.4,483.0
Medium,1000,0.149,6693.3,483.0
Medium,1000,0.188,5325.1,483.0
Medium,1000,0.175,5728.0,483.0
Medium,1000,0.180,5570.4,483.0
Medium,1000,0.171,5831.8,483.0
Medium,1000,0.164,6103.9,483.0
Medium,1000,0.202,4962.8,483.0
Medium,1000,0.182,5480.0,483.0
Medium,1000,0.173,5776.1,483.0
Medium,1000,0.193,5184.4,483.0
Medium,1000,0.185,5412.0,483.0
Medium,1000,0.190,5270.8,483.0
Medium,1000,0.196,5100.9,483.0
Medium,1000,0.190,5252.4,483.0
Medium,1000,0.180,5557.0,483.0
Medium,1000,0.179,5598.4,483.0
Medium,1000,0.186,5368.4,483.0
Medium,1000,0.174,5761.5,483.0
Medium,1000,0.178,5608.0,483.0
Medium,1000,0.180,5558.9,483.0
Medium,1000,0.188,5327.1,483.0
Medium,1000,0.183,5452.0,483.0
Medium,1000,0.178,5626.1,483.0
Medium,1000,0.157,6379.2,483.0
Medium,1000,0.168,5939.7,483.0
Medium,1000,0.154,6503.1,483.0
Medium,1000,0.156,6422.1,483.0
Medium,1000,0.159,6305.1,483.0
Medium,1000,0.173,5793.9,483.0
Medium,1000,0.158,6325.9,483.0
Medium,1000,0.152,6600.5,483.0
Medium,1000,0.146,6862.6,483.0
Medium,1000,0.146,6870.2,483.0
Medium,1000,0.194,5163.5,483.0
Medium,1000,0.161,6227.0,483.0
Medium,1000,0.168,5961.5,483.0
Medium,1000,0.191,5228.2,483.0
Medium,1000,0.172,5822.7,483.0
Medium,1000,0.176,5687.4,483.0
Medium,1000,0.182,5501.6,483.0
Medium,1000,0.192,5209.3,483.0
Medium,1000,0.201,4980.1,483.0
Medium,1000,0.186,5376.3,483.0
Medium,1000,0.186,5380.7,483.0
Medium,1000,0.175,5706.6,483.0
Medium,1000,0.174,5733.5,483.0
Medium,1000,0.184,5421.8,483.0
Medium,1000,0.182,5480.2,483.0
Medium,1000,0.175,5699.3,483.0
Medium,1000,0.176,5669.6,483.0
Medium,1000,0.174,5731.0,483.0
Medium,1000,0.187,5335.3,483.0
Medium,1000,0.180,5569.2,483.0
Medium,1000,0.191,5248.3,483.0
Medium,1000,0.176,5674.4,483.0
Medium,1000,0.178,5613.8,483.0
Medium,1000,0.175,5722.4,483.0
Medium,1000,0.172,5807.1,483.0
Medium,1000,0.180,5551.0,483.0
Medium,1000,0.169,5911.0,483.0
Medium,1000,0.185,5413.7,483.0
Medium,1000,0.177,5642.1,483.0
Medium,1000,0.177,5656.4,483.0
Medium,1000,0.175,5727.8,483.0
Medium,1000,0.188,5308.4,483.0
Medium,1000,0.172,5825.4,483.0
Medium,1000,0.194,5166.4,483.0
Medium,1000,0.213,4686.1,483.0
Medium,1000,0.220,4543.8,483.0
Medium,1000,0.211,4749.7,483.0
Medium,1000,0.215,4653.0,483.0
Medium,1000,0.212,4716.3,483.0
Medium,1000,0.203,4929.4,483.0
Medium,1000,0.208,4797.6,483.0
Medium,1000,0.211,4735.9,483.0
Medium,1000,0.235,4251.7,483.0
Medium,1000,0.206,4856.1,483.0
Medium,1000,0.194,5159.1,483.0
Medium,1000,0.197,5075.8,483.0
Medium,1000,0.199,5033.8,483.0
Medium,1000,0.199,5012.7,483.0
Medium,1000,0.209,4794.4,483.0
Medium,1000,0.219,4566.5,483.0
Medium,1000,0.205,4868.1,483.0
Medium,1000,0.201,4969.3,483.0
Medium,1000,0.195,5131.8,483.0
Medium,1000,0.172,5817.1,483.0
Medium,1000,0.177,5637.2,483.0
Medium,1000,0.178,5616.2,483.0
Medium,1000,0.167,5980.4,483.0
Medium,1000,0.165,6067.3,483.0
Medium,1000,0.177,5643.4,483.0
Medium,1000,0.185,5393.6,483.0
Medium,1000,0.163,6133.8,483.0
Medium,1000,0.171,5838.7,483.0
Medium,1000,0.166,6029.6,483.0
Medium,1000,0.154,6499.3,483.0
Medium,1000,0.163,6146.8,483.0
Medium,1000,0.154,6500.0,483.0
Medium,1000,0.150,6672.4,483.0
Medium,1000,0.174,5762.7,483.0
Medium,1000,0.168,5946.9,483.0
Medium,1000,0.167,5984.5,483.0
Medium,1000,0.160,6267.3,483.0
Medium,1000,0.151,6623.9,483.0
Medium,1000,0.148,6775.4,483.0
Medium,1000,0.149,6720.1,483.0
Medium,1000,0.148,6742.4,483.0
Medium,1000,0.170,5887.1,483.0
Medium,1000,0.170,5879.1,483.0
Medium,1000,0.166,6009.1,483.0
Medium,1000,0.166,6009.5,483.0
Medium,1000,0.173,5789.2,483.0
Medium,1000,0.178,5616.5,483.0
Medium,1000,0.176,5666.3,483.0
Medium,1000,0.165,6072.8,483.0
Medium,1000,0.195,5120.9,483.0
Medium,1000,0.187,5360.6,483.0
Medium,1000,0.164,6096.0,483.0
Medium,1000,0.175,5711.6,483.0
Medium,1000,0.187,5351.9,483.0
Medium,1000,0.197,5079.7,483.0
Medium,1000,0.179,5579.8,483.0
Medium,1000,0.214,4677.1,483.0
Medium,1000,0.185,5401.2,483.0
Medium,1000,0.186,5385.0,483.0
Medium,1000,0.175,5702.3,483.0
Medium,1000,0.170,5874.3,483.0
Medium,1000,0.167,5983.3,483.0
Medium,1000,0.165,6065.6,483.0
Medium,1000,0.149,6693.5,483.0
Medium,1000,0.152,6596.7,483.0
Medium,1000,0.146,6827.9,483.0
Medium,1000,0.144,6941.0,483.0
Medium,1000,0.153,6547.4,483.0
Medium,1000,0.150,6653.5,483.0
Medium,1000,0.156,6390.6,483.0
Medium,1000,0.150,6647.8,483.0
Medium,1000,0.144,6924.3,483.0
Medium,1000,0.149,6724.1,483.0
Medium,1000,0.148,6771.3,483.0
Medium,1000,0.191,5243.1,483.0
Medium,1000,0.148,6747.7,483.0
Medium,1000,0.158,6325.0,483.0
Medium,1000,0.148,6736.2,483.0
Medium,1000,0.169,5916.4,483.0
Medium,1000,0.153,6541.5,483.0
Medium,1000,0.150,6687.4,483.0
Medium,1000,0.154,6474.6,483.0
Medium,1000,0.157,6378.0,483.0
Medium,1000,0.151,6637.7,483.0
Medium,1000,0.173,5776.2,483.0
Medium,1000,0.177,5649.6,483.0
Medium,1000,0.160,6245.7,483.0
Medium,1000,0.188,5312.6,483.0
Medium,1000,0.173,5786.3,483.0
Medium,1000,0.176,5671.0,483.0
Medium,1000,0.174,5749.1,483.0
Medium,1000,0.182,5506.9,483.0
Medium,1000,0.195,5138.4,483.0
Medium,1000,0.177,5638.8,483.0
Medium,1000,0.167,5970.7,483.0
Medium,1000,0.173,5778.8,483.0
Medium,1000,0.175,5700.0,483.0
Medium,1000,0.184,5439.0,483.0
Medium,1000,0.191,5232.5,483.0
Medium,1000,0.203,4926.4,483.0
Medium,1000,0.229,4361.7,483.0
Medium,1000,0.225,4440.6,483.0
Medium,1000,0.207,4824.1,483.0
Medium,1000,0.207,4827.3,483.0
Medium,1000,0.195,5124.7,483.0
Medium,1000,0.208,4805.6,483.0
Medium,1000,0.212,4711.3,483.0
Medium,1000,0.171,5834.3,483.0
Medium,1000,0.191,5223.1,483.0
Medium,1000,0.172,5812.1,483.0
Medium,1000,0.189,5299.8,483.0
Medium,1000,0.199,5029.9,483.0
Medium,1000,0.179,5593.7,483.0
Medium,1000,0.172,5816.9,483.0
Medium,1000,0.177,5643.7,483.0
Medium,1000,0.209,4788.0,483.0
Medium,1000,0.186,5379.6,483.0
Medium,1000,0.185,5408.8,483.0
Medium,1000,0.184,5426.6,483.0
Medium,1000,0.170,5865.5,483.0
Medium,1000,0.172,5817.6,483.0
Medium,1000,0.172,5826.8,483.0
Medium,1000,0.180,5558.2,483.0
Medium,1000,0.182,5492.3,483.0
Medium,1000,0.177,5641.3,483.0
Medium,1000,0.186,5383.1,483.0
Medium,1000,0.172,5813.7,483.0
Medium,1000,0.166,6012.1,483.0
Medium,1000,0.200,5009.0,483.0
Medium,1000,0.220,4542.4,483.0
Medium,1000,0.194,5160.8,483.0
Medium,1000,0.205,4867.5,483.0
Medium,1000,0.210,4751.4,483.0
Medium,1000,0.193,5188.7,483.0
Medium,1000,0.234,4277.8,483.0
Medium,1000,0.194,5158.9,483.0
Medium,1000,0.196,5110.0,483.0
Medium,1000,0.207,4832.4,483.0
Medium,1000,0.209,4795.5,483.0
Medium,1000,0.243,4109.7,483.0
Medium,1000,0.209,4784.3,483.0
Medium,1000,0.197,5071.7,483.0
Medium,1000,0.190,5261.7,483.0
Medium,1000,0.212,4709.2,483.0
Medium,1000,0.212,4727.0,483.0
Medium,1000,0.185,5399.5,483.0
Medium,1000,0.198,5046.8,483.0
Medium,1000,0.193,5174.1,483.0
Medium,1000,0.183,5468.5,483.0
Medium,1000,0.189,5282.8,483.0
Medium,1000,0.190,5256.9,483.0
Medium,1000,0.186,5364.7,483.0
Medium,1000,0.197,5081.0,483.0
Medium,1000,0.184,5425.7,483.0
Medium,1000,0.190,5269.6,483.0
Medium,1000,0.173,5796.4,483.0
Medium,1000,0.183,5459.3,483.0
Medium,1000,0.162,6188.3,483.0
Medium,1000,0.175,5729.1,483.0
Medium,1000,0.166,6028.0,483.0
Medium,1000,0.154,6486.5,483.0
Medium,1000,0.165,6049.0,483.0
Medium,1000,0.167,5990.6,483.0
Medium,1000,0.160,6257.5,483.0
Medium,1000,0.161,6205.3,483.0
Medium,1000,0.156,6406.4,483.0
Medium,1000,0.158,6316.2,483.0
Medium,1000,0.148,6739.6,483.0
Medium,1000,0.151,6610.9,483.0
Medium,1000,0.148,6775.0,483.0
Medium,1000,0.150,6678.1,483.0
Medium,1000,0.160,6267.1,483.0
Medium,1000,0.147,6825.7,483.0
Medium,1000,0.148,6758.2,483.0
Medium,1000,0.164,6113.4,483.0
Medium,1000,0.168,5950.1,483.0
Medium,1000,0.161,6222.2,483.0
Medium,1000,0.164,6097.5,483.0
Medium,1000,0.159,6279.5,483.0
Medium,1000,0.146,6848.9,483.0
Medium,1000,0.161,6214.3,483.0
Medium,1000,0.148,6734.7,483.0
Medium,1000,0.151,6615.4,483.0
Medium,1000,0.159,6270.3,483.0
Medium,1000,0.159,6270.1,483.0
Medium,1000,0.151,6611.7,483.0
Medium,1000,0.151,6639.2,483.0
Medium,1000,0.160,6262.2,483.0
Medium,1000,0.151,6605.9,483.0
Medium,1000,0.166,6013.6,483.0
Medium,1000,0.157,6372.2,483.0
Medium,1000,0.150,6679.1,483.0
Medium,1000,0.149,6723.1,483.0
Small,1000,0.174,5750.9,483.0
Small,1000,0.230,4354.5,483.0
Small,1000,0.177,5636.6,483.0
Small,1000,0.166,6040.8,483.0
Small,1000,0.172,5815.5,483.0
Small,1000,0.183,5453.8,483.0
Small,1000,0.184,5446.2,483.0
Small,1000,0.174,5760.6,483.0
Small,1000,0.185,5404.4,483.0
Small,1000,0.182,5496.9,483.0
Small,1000,0.184,5444.6,483.0
Small,1000,0.166,6021.6,483.0
Small,1000,0.183,5467.7,483.0
Small,1000,0.182,5500.0,483.0
Small,1000,0.166,6035.3,483.0
Small,1000,0.163,6126.5,483.0
Small,1000,0.171,5858.9,483.0
Small,1000,0.177,5643.0,483.0
Small,1000,0.174,5735.9,483.0
Small,1000,0.188,5306.6,483.0
Small,1000,0.193,5174.5,483.0
Small,1000,0.193,5193.2,483.0
Small,1000,0.163,6135.5,483.0
Small,1000,0.161,6206.3,483.0
Small,1000,0.166,6036.6,483.0
Small,1000,0.158,6336.1,483.0
Small,1000,0.150,6649.4,483.0
Small,1000,0.155,6431.6,483.0
Small,1000,0.149,6706.3,483.0
Small,1000,0.147,6823.2,483.0
Small,1000,0.159,6303.2,483.0
Small,1000,0.145,6882.1,483.0
Small,1000,0.159,6289.0,483.0
Small,1000,0.186,5367.2,483.0
Small,1000,0.145,6885.9,483.0
Small,1000,0.143,7011.1,483.0
Small,1000,0.173,5764.3,483.0
Small,1000,0.146,6857.1,483.0
Small,1000,0.145,6916.7,483.0
Small,1000,0.166,6013.7,483.0
Small,1000,0.151,6603.5,483.0
Small,1000,0.153,6542.7,483.0
Small,1000,0.144,6933.7,483.0
Small,1000,0.146,6832.6,483.0
Small,1000,0.156,6429.5,483.0
Small,1000,0.144,6949.0,483.0
Small,1000,0.150,6661.3,483.0
Small,1000,0.163,6148.7,483.0
Small,1000,0.167,6002.3,483.0
Small,1000,0.166,6029.3,483.0
Small,1000,0.182,5496.5,483.0
Small,1000,0.161,6192.9,483.0
Small,1000,0.178,5621.7,483.0
Small,1000,0.159,6300.5,483.0
Small,1000,0.160,6268.1,483.0
Small,1000,0.156,6412.8,483.0
Small,1000,0.195,5141.1,483.0
Small,1000,0.154,6485.2,483.0
Small,1000,0.173,5774.4,483.0
Small,1000,0.162,6189.1,483.0
Small,1000,0.162,6183.1,483.0
Small,1000,0.176,5674.9,483.0
Small,1000,0.163,6133.2,483.0
Small,1000,0.152,6560.7,483.0
Small,1000,0.151,6630.7,483.0
Small,1000,0.160,6263.4,483.0
Small,1000,0.156,6406.0,483.0
Small,1000,0.155,6443.6,483.0
Small,1000,0.166,6008.7,483.0
Small,1000,0.173,5776.8,483.0
Small,1000,0.174,5734.7,483.0
Small,1000,0.199,5030.3,483.0
Small,1000,0.161,6213.4,483.0
Small,1000,0.166,6018.3,483.0
Small,1000,0.197,5066.3,483.0
Small,1000,0.168,5968.7,483.0
Small,1000,0.185,5418.6,483.0
Small,1000,0.187,5361.4,483.0
Small,1000,0.181,5511.3,483.0
Small,1000,0.176,5676.1,483.0
Small,1000,0.178,5611.4,483.0
Small,1000,0.179,5571.8,483.0
Small,1000,0.168,5945.9,483.0
Small,1000,0.188,5322.9,483.0
Small,1000,0.186,5367.2,483.0
Small,1000,0.171,5864.8,483.0
Small,1000,0.161,6223.7,483.0
Small,1000,0.381,2623.2,483.0
Small,1000,0.181,5522.6,483.0
Small,1000,0.176,5697.4,483.0
Small,1000,0.184,5423.8,483.0
Small,1000,0.170,5876.5,483.0
Small,1000,0.175,5712.9,483.0
Small,1000,0.173,5793.3,483.0
Small,1000,0.187,5338.7,483.0
Small,1000,0.168,5943.3,483.0
Small,1000,0.182,5508.3,483.0
Small,1000,0.193,5184.1,483.0
Small,1000,0.188,5317.2,483.0
Small,1000,0.180,5561.6,483.0
Small,1000,0.170,5898.9,483.0
Small,1000,0.200,4999.6,483.0
Small,1000,0.201,4977.3,483.0
Small,1000,0.212,4726.0,483.0
Small,1000,0.220,4543.3,483.0
Small,1000,0.217,4612.2,483.0
Small,1000,0.206,4843.4,483.0
Small,1000,0.201,4965.0,483.0
Small,1000,0.202,4952.0,483.0
Small,1000,0.195,5130.6,483.0
Small,1000,0.194,5145.1,483.0
Small,1000,0.198,5040.7,483.0
Small,1000,0.210,4766.0,483.0
Small,1000,0.217,4611.3,483.0
Small,1000,0.200,4993.6,483.0
Small,1000,0.220,4555.1,483.0
Small,1000,0.198,5047.4,483.0
Small,1000,0.203,4918.8,483.0
Small,1000,0.199,5034.2,483.0
Small,1000,0.184,5439.5,483.0
Small,1000,0.212,4717.0,483.0
Small,1000,0.201,4968.2,483.0
Small,1000,0.209,4785.0,483.0
Small,1000,0.237,4218.8,483.0
Small,1000,0.197,5073.7,483.0
Small,1000,0.210,4768.4,483.0
Small,1000,0.215,4649.8,483.0
Small,1000,0.202,4953.4,483.0
Small,1000,0.200,5005.9,483.0
Small,1000,0.174,5758.2,483.0
Small,1000,0.185,5398.0,483.0
Small,1000,0.196,5100.9,483.0
Small,1000,0.186,5375.7,483.0
Small,1000,0.206,4860.7,483.0
Small,1000,0.172,5824.6,483.0
Small,1000,0.200,4997.5,483.0
Small,1000,0.170,5882.0,483.0
Small,1000,0.176,5665.8,483.0
Small,1000,0.174,5753.7,483.0
Small,1000,0.188,5308.8,483.0
Small,1000,0.163,6152.3,483.0
Small,1000,0.174,5763.5,483.0
Small,1000,0.198,5059.5,483.0
Small,1000,0.184,5426.4,483.0
Small,1000,0.176,5665.9,483.0
Small,1000,0.171,5861.6,483.0
Small,1000,0.193,5188.4,483.0
Small,1000,0.173,5769.4,483.0
Small,1000,0.175,5708.7,483.0
Small,1000,0.172,5813.7,483.0
Small,1000,0.212,4719.9,483.0
Small,1000,0.187,5353.4,483.0
Small,1000,0.193,5192.8,483.0
Small,1000,0.203,4919.5,483.0
Small,1000,0.195,5126.2,483.0
Small,1000,0.197,5082.9,483.0
Small,1000,0.197,5069.2,483.0
Small,1000,0.202,4946.6,483.0
Small,1000,0.201,4986.6,483.0
Small,1000,0.207,4834.0,483.0
Small,1000,0.203,4917.3,483.0
Small,1000,0.201,4964.3,483.0
Small,1000,0.207,4837.2,483.0
Small,1000,0.198,5049.9,483.0
Small,1000,0.193,5186.8,483.0
Small,1000,0.203,4926.7,483.0
Small,1000,0.205,4885.3,483.0
Small,1000,0.191,5239.9,483.0
Small,1000,0.204,4912.7,483.0
Small,1000,0.205,4870.1,483.0
Small,1000,0.199,5027.8,483.0
Small,1000,0.195,5128.8,483.0
Small,1000,0.188,5314.3,483.0
Small,1000,0.199,5031.3,483.0
Small,1000,0.196,5113.7,483.0
Small,1000,0.201,4979.0,483.0
Small,1000,0.203,4929.8,483.0
Small,1000,0.227,4395.8,483.0
Small,1000,0.224,4465.5,483.0
Small,1000,0.205,4873.6,483.0
Small,1000,0.197,5083.5,483.0
Small,1000,0.231,4326.9,483.0
Small,1000,0.210,4751.8,483.0
Small,1000,0.212,4723.8,483.0
Small,1000,0.212,4724.3,483.0
Small,1000,0.221,4515.5,483.0
Small,1000,0.192,5202.6,483.0
Small,1000,0.195,5116.1,483.0
Small,1000,0.171,5839.3,483.0
Small,1000,0.171,5860.3,483.0
Small,1000,0.178,5605.2,483.0
Small,1000,0.181,5513.8,483.0
Small,1000,0.187,5358.2,483.0
Small,1000,0.173,5791.6,483.0
Small,1000,0.185,5404.0,483.0
Small,1000,0.192,5214.3,483.0
Small,1000,0.179,5601.0,483.0
Small,1000,0.179,5593.9,483.0
Small,1000,0.174,5732.0,483.0
Small,1000,0.205,4879.5,483.0
Small,1000,0.202,4953.2,483.0
Small,1000,0.180,5541.3,483.0
Small,1000,0.200,4999.7,483.0
Small,1000,0.182,5508.2,483.0
Small,1000,0.181,5532.0,483.0
Small,1000,0.187,5353.1,483.0
Small,1000,0.181,5526.8,483.0
Small,1000,0.187,5358.3,483.0
Small,1000,0.174,5755.4,483.0
Small,1000,0.157,6389.0,483.0
Small,1000,0.146,6841.0,483.0
Small,1000,0.149,6717.4,483.0
Small,1000,0.143,6972.0,483.0
Small,1000,0.150,6674.9,483.0
Small,1000,0.165,6050.5,483.0
Small,1000,0.151,6636.7,483.0
Small,1000,0.149,6695.5,483.0
Small,1000,0.184,5441.3,483.0
Small,1000,0.147,6821.4,483.0
Small,1000,0.152,6564.6,483.0
Small,1000,0.152,6563.0,483.0
Small,1000,0.174,5760.8,483.0
Small,1000,0.152,6582.2,483.0
Small,1000,0.175,5704.6,483.0
Small,1000,0.147,6812.6,483.0
Small,1000,0.153,6529.3,483.0
Small,1000,0.150,6666.6,483.0
Small,1000,0.165,6060.0,483.0
Small,1000,0.151,6627.2,483.0
Small,1000,0.183,5465.8,483.0
Small,1000,0.181,5533.3,483.0
Small,1000,0.163,6144.1,483.0
Small,1000,0.163,6124.7,483.0
Small,1000,0.153,6530.3,483.0
Small,1000,0.155,6431.1,483.0
Small,1000,0.156,6413.5,483.0
Small,1000,0.182,5504.6,483.0
Small,1000,0.168,5964.3,483.0
Small,1000,0.161,6225.2,483.0
Small,1000,0.167,5992.0,483.0
Small,1000,0.157,6385.4,483.0
Small,1000,0.169,5916.8,483.0
Small,1000,0.163,6122.0,483.0
Small,1000,0.168,5937.0,483.0
Small,1000,0.154,6509.5,483.0
Small,1000,0.178,5629.3,483.0
Small,1000,0.152,6574.8,483.0
Small,1000,0.170,5898.3,483.0
Small,1000,0.167,6003.1,483.0
Small,1000,0.149,6712.7,483.0
Small,1000,0.154,6513.7,483.0
Small,1000,0.150,6650.3,483.0
Small,1000,0.165,6048.9,483.0
Small,1000,0.153,6533.6,483.0
Small,1000,0.158,6331.3,483.0
Small,1000,0.183,5465.2,483.0
Small,1000,0.156,6424.7,483.0
Small,1000,0.154,6481.4,483.0
Small,1000,0.145,6874.3,483.0
Small,1000,0.144,6959.6,483.0
Small,1000,0.143,7001.8,483.0
Small,1000,0.145,6876.4,483.0
Small,1000,0.143,6973.5,483.0
Small,1000,0.143,6984.1,483.0
Small,1000,0.142,7021.8,483.0
Small,1000,0.159,6270.9,483.0
Small,1000,0.169,5934.4,483.0
Small,1000,0.166,6030.0,483.0
Small,1000,0.144,6928.5,483.0
Small,1000,0.171,5834.3,483.0
Small,1000,0.141,7108.9,483.0
Small,1000,0.139,7201.6,483.0
Small,1000,0.140,7162.8,483.0
Small,1000,0.140,7159.4,483.0
Small,1000,0.139,7212.2,483.0
Small,1000,0.139,7200.0,483.0
Small,1000,0.146,6871.1,483.0
Small,1000,0.144,6968.3,483.0
Small,1000,0.139,7188.8,483.0
Small,1000,0.142,7064.2,483.0
Small,1000,0.141,7110.7,483.0
Small,1000,0.168,5948.6,483.0
Small,1000,0.145,6890.8,483.0
Small,1000,0.178,5621.3,483.0
Small,1000,0.171,5852.2,483.0
Small,1000,0.156,6392.4,483.0
Small,1000,0.171,5859.2,483.0
Small,1000,0.164,6086.4,483.0
Small,1000,0.171,5862.9,483.0
Small,1000,0.172,5805.1,483.0
Small,1000,0.159,6296.2,483.0
Small,1000,0.151,6611.3,483.0
Small,1000,0.162,6169.5,483.0
Small,1000,0.150,6658.1,483.0
Small,1000,0.158,6334.2,483.0
Small,1000,0.168,5935.4,483.0
Small,1000,0.158,6317.0,483.0
Small,1000,0.179,5579.2,483.0
Small,1000,0.163,6141.0,483.0
Small,1000,0.165,6070.8,483.0
Small,1000,0.161,6201.8,483.0
Small,1000,0.167,5976.0,483.0
Small,1000,0.173,5768.1,483.0
Small,1000,0.172,5822.7,483.0
Small,1000,0.153,6544.3,483.0
Small,1000,0.206,4846.9,483.0
Small,1000,0.216,4638.4,483.0
Small,1000,0.191,5247.4,483.0
Small,1000,0.201,4969.4,483.0
Small,1000,0.194,5155.5,483.0
Small,1000,0.206,4856.3,483.0
Small,1000,0.216,4630.1,483.0
Small,1000,0.197,5068.3,483.0
Small,1000,0.226,4419.2,483.0
Small,1000,0.206,4849.4,483.0
Small,1000,0.189,5288.6,483.0
Small,1000,0.200,5010.2,483.0
Small,1000,0.191,5240.1,483.0
Small,1000,0.188,5307.8,483.0
Small,1000,0.201,4986.0,483.0
Small,1000,0.215,4643.9,483.0
Small,1000,0.219,4567.4,483.0
Small,1000,0.228,4388.4,483.0
Small,1000,0.191,5231.9,483.0
Small,1000,0.223,4480.2,483.0
Small,1000,0.233,4287.5,483.0
Small,1000,0.225,4446.1,483.0
Small,1000,0.219,4558.3,483.0
Small,1000,0.226,4432.1,483.0
Small,1000,0.230,4339.4,483.0
Small,1000,0.215,4641.8,483.0
Small,1000,0.201,4981.0,483.0
Small,1000,0.230,4339.8,483.0
Small,1000,0.227,4414.6,483.0
Small,1000,0.228,4392.8,483.0
Small,1000,0.224,4456.6,483.0
Small,1000,0.248,4031.1,483.0
Small,1000,0.279,3589.8,483.0
Small,1000,0.212,4713.2,483.0
Small,1000,0.243,4106.8,483.0
Small,1000,0.238,4193.9,483.0
Small,1000,0.201,4986.0,483.0
Small,1000,0.190,5276.4,483.0
Small,1000,0.181,5538.9,483.0
Small,1000,0.197,5071.3,483.0
Small,1000,0.194,5143.6,483.0
Small,1000,0.202,4957.2,483.0
Small,1000,0.193,5180.5,483.0
Small,1000,0.190,5255.4,483.0
Small,1000,0.195,5134.3,483.0
Small,1000,0.181,5532.2,483.0
Small,1000,0.181,5519.5,483.0
Small,1000,0.176,5667.2,483.0
Small,1000,0.183,5460.1,483.0
Small,1000,0.171,5842.2,483.0
Small,1000,0.187,5360.4,483.0
Small,1000,0.182,5489.9,483.0
Small,1000,0.185,5418.3,483.0
Small,1000,0.170,5873.5,483.0
Small,1000,0.188,5306.5,483.0
Small,1000,0.195,5131.5,483.0
Small,1000,0.180,5570.1,483.0
Small,1000,0.183,5476.6,483.0
Small,1000,0.182,5507.7,483.0
Small,1000,0.185,5407.6,483.0
Small,1000,0.186,5373.2,483.0
Small,1000,0.180,5545.1,483.0
Small,1000,0.184,5436.0,483.0
Small,1000,0.171,5836.1,483.0
Small,1000,0.180,5553.8,483.0
Small,1000,0.173,5770.1,483.0
Small,1000,0.186,5381.4,483.0
Small,1000,0.175,5707.0,483.0
Small,1000,0.181,5511.0,483.0
Small,1000,0.183,5471.1,483.0
Small,1000,0.170,5869.6,483.0
Small,1000,0.172,5800.2,483.0
Small,1000,0.172,5830.3,483.0
Small,1000,0.183,5466.9,483.0
Small,1000,0.172,5818.1,483.0
Small,1000,0.175,5706.4,483.0
Small,1000,0.168,5968.2,483.0
Small,1000,0.178,5611.1,483.0
Small,1000,0.201,4976.9,483.0
Small,1000,0.221,4526.7,483.0
Small,1000,0.202,4955.1,483.0
Small,1000,0.223,4486.2,483.0
Small,1000,0.206,4850.0,483.0
Small,1000,0.211,4728.5,483.0
Small,1000,0.217,4604.8,483.0
Small,1000,0.206,4845.8,483.0
Small,1000,0.205,4866.9,483.0
Small,1000,0.209,4793.7,483.0
Small,1000,0.236,4235.1,483.0
Small,1000,0.223,4476.6,483.0
Small,1000,0.218,4580.6,483.0
Small,1000,0.233,4294.0,483.0
Small,1000,0.227,4396.1,483.0
Small,1000,0.229,4359.2,483.0
Small,1000,0.221,4519.8,483.0
Small,1000,0.206,4860.0,483.0
Small,1000,0.192,5209.9,483.0
Small,1000,0.199,5032.1,483.0
Small,1000,0.192,5217.5,483.0
Small,1000,0.192,5203.3,483.0
Small,1000,0.201,4983.9,483.0
Small,1000,0.193,5193.8,483.0
Small,1000,0.193,5173.5,483.0
Small,1000,0.218,4593.9,483.0
Small,1000,0.214,4671.9,483.0
Small,1000,0.194,5165.3,483.0
Small,1000,0.150,6681.0,483.0
Small,1000,0.173,5793.6,483.0
Small,1000,0.148,6765.6,483.0
Small,1000,0.162,6183.2,483.0
Small,1000,0.151,6630.0,483.0
Small,1000,0.174,5731.3,483.0
Small,1000,0.148,6775.4,483.0
Small,1000,0.170,5881.1,483.0
Small,1000,0.149,6721.8,483.0
Small,1000,0.177,5647.6,483.0
Small,1000,0.157,6369.9,483.0
Small,1000,0.158,6346.8,483.0
Small,1000,0.152,6557.9,483.0
Small,1000,0.170,5874.1,483.0
Small,1000,0.147,6802.4,483.0
Small,1000,0.146,6847.2,483.0
Small,1000,0.151,6633.0,483.0
Small,1000,0.153,6546.9,483.0
Small,1000,0.152,6577.5,483.0
Small,1000,0.144,6932.7,483.0
Small,1000,0.147,6815.4,483.0
Small,1000,0.147,6793.7,483.0
Small,1000,0.149,6726.0,483.0
Small,1000,0.178,5607.8,483.0
Small,1000,0.161,6192.6,483.0
Small,1000,0.197,5086.4,483.0
Small,1000,0.145,6894.2,483.0
Small,1000,0.149,6723.2,483.0
Small,1000,0.146,6832.2,483.0
Small,1000,0.144,6925.1,483.0
Small,1000,0.147,6794.2,483.0
Small,1000,0.185,5406.9,483.0
Small,1000,0.165,6072.5,483.0
Small,1000,0.146,6833.1,483.0
Small,1000,0.152,6577.5,483.0
Small,1000,0.144,6960.3,483.0
Small,1000,0.226,4425.2,483.0
Small,1000,0.215,4644.6,483.0
Small,1000,0.222,4512.2,483.0
Small,1000,0.219,4564.9,483.0
Small,1000,0.203,4932.7,483.0
Small,1000,0.216,4630.3,483.0
Small,1000,0.225,4437.9,483.0
Small,1000,0.197,5066.0,483.0
Small,1000,0.223,4476.2,483.0
Small,1000,0.212,4724.2,483.0
Small,1000,0.205,4877.9,483.0
Small,1000,0.205,4879.7,483.0
Small,1000,0.204,4891.0,483.0
Small,1000,0.196,5094.8,483.0
Small,1000,0.200,4989.7,483.0
Small,1000,0.193,5173.7,483.0
Small,1000,0.199,5022.1,483.0
Small,1000,0.194,5164.9,483.0
Small,1000,0.194,5160.8,483.0
Small,1000,0.168,5949.2,483.0
Small,1000,0.175,5698.6,483.0
Small,1000,0.179,5591.4,483.0
Small,1000,0.179,5598.2,483.0
Small,1000,0.176,5675.8,483.0
Small,1000,0.183,5457.4,483.0
Small,1000,0.175,5726.8,483.0
Small,1000,0.166,6012.5,483.0
Small,1000,0.179,5581.5,483.0
Small,1000,0.167,5984.5,483.0
Small,1000,0.169,5901.8,483.0
Small,1000,0.182,5483.4,483.0
Small,1000,0.177,5660.0,483.0
Small,1000,0.191,5245.2,483.0
Small,1000,0.174,5739.2,483.0
Small,1000,0.170,5879.9,483.0
Small,1000,0.199,5028.2,483.0
Small,1000,0.183,5470.8,483.0
Small,1000,0.191,5245.0,483.0
Small,1000,0.172,5816.0,483.0
Small,1000,0.194,5147.4,483.0
Small,1000,0.180,5561.9,483.0
Small,1000,0.166,6011.9,483.0
Small,1000,0.184,5442.3,483.0
Small,1000,0.197,5075.2,483.0
Small,1000,0.186,5377.4,483.0
Small,1000,0.182,5481.5,483.0
Small,1000,0.194,5148.3,483.0
Small,1000,0.183,5465.8,483.0
Small,1000,0.185,5394.3,483.0
Small,1000,0.191,5245.4,483.0
Small,1000,0.176,5686.1,483.0
Small,1000,0.179,5572.2,483.0
Small,1000,0.184,5437.7,483.0
Dynamic,1000,1.186,843.1,342.0
Dynamic,1000,1.014,986.4,342.0
Dynamic,1000,1.009,991.0,342.0
Dynamic,1000,0.993,1006.6,342.0
Dynamic,1000,1.068,936.7,342.0
Dynamic,1000,1.019,981.5,342.0
Dynamic,1000,0.953,1049.4,342.0
Dynamic,1000,0.988,1012.6,342.0
Dynamic,1000,0.954,1048.3,342.0
Dynamic,1000,1.106,904.4,342.0
Dynamic,1000,0.997,1002.5,342.0
Dynamic,1000,1.138,878.5,342.0
Dynamic,1000,1.079,926.8,342.0
Dynamic,1000,1.012,988.5,342.0
Dynamic,1000,1.144,874.0,342.0
Dynamic,1000,1.248,801.5,342.0
Dynamic,1000,1.192,838.9,342.0
Dynamic,1000,1.156,864.7,342.0
Dynamic,1000,1.508,663.2,342.0
Dynamic,1000,1.451,689.2,342.0
Dynamic,1000,1.396,716.4,342.0
Dynamic,1000,1.219,820.3,342.0
Dynamic,1000,1.237,808.5,342.0
Dynamic,1000,1.202,831.7,342.0
Dynamic,1000,1.197,835.3,342.0
Dynamic,1000,1.209,826.9,342.0
Dynamic,1000,1.239,806.9,342.0
Dynamic,1000,1.040,961.6,342.0
Dynamic,1000,0.992,1008.4,342.0
Dynamic,1000,0.987,1012.9,342.0
Dynamic,1000,0.972,1028.7,342.0
Dynamic,1000,1.041,961.1,342.0
Dynamic,1000,1.008,992.2,342.0
Dynamic,1000,1.210,826.6,342.0
Dynamic,1000,1.298,770.5,342.0
Dynamic,1000,1.221,819.1,342.0
Dynamic,1000,1.482,675.0,342.0
Dynamic,1000,1.130,885.1,342.0
Dynamic,1000,0.966,1034.8,342.0
Dynamic,1000,0.952,1050.0,342.0
Dynamic,1000,1.029,971.6,342.0
Dynamic,1000,0.977,1023.4,342.0
Dynamic,1000,1.154,866.4,342.0
Dynamic,1000,1.191,839.3,342.0
Dynamic,1000,1.254,797.4,342.0
Dynamic,1000,1.040,961.5,342.0
Dynamic,1000,0.963,1038.6,342.0
Dynamic,1000,0.974,1026.6,342.0
Dynamic,1000,0.963,1038.9,342.0
Dynamic,1000,1.238,807.6,342.0
Dynamic,1000,1.247,802.0,342.0
Dynamic,1000,1.203,831.2,342.0
Dynamic,1000,1.101,908.6,342.0
Dynamic,1000,0.986,1014.0,342.0
Dynamic,1000,1.177,849.3,342.0
Dynamic,1000,1.006,994.0,342.0
Dynamic,1000,1.131,884.3,342.0
Dynamic,1000,1.219,820.5,342.0
Dynamic,1000,1.305,766.4,342.0
Dynamic,1000,1.157,864.0,342.0
Dynamic,1000,0.976,1024.2,342.0
Dynamic,1000,0.969,1031.6,342.0
Dynamic,1000,0.939,1065.4,342.0
Dynamic,1000,1.033,967.9,342.0
Dynamic,1000,1.046,956.0,342.0
Dynamic,1000,0.973,1028.0,342.0
Dynamic,1000,0.980,1020.1,342.0
Dynamic,1000,0.974,1026.5,342.0
Dynamic,1000,1.029,971.7,342.0
Dynamic,1000,1.012,988.4,342.0
Dynamic,1000,0.983,1017.4,342.0
Dynamic,1000,1.027,974.2,342.0
Dynamic,1000,1.251,799.6,342.0
Dynamic,1000,1.129,885.5,342.0
Dynamic,1000,1.231,812.2,342.0
Dynamic,1000,1.134,882.1,342.0
Dynamic,1000,1.072,932.8,342.0
Dynamic,1000,1.027,973.8,342.0
Dynamic,1000,0.911,1097.6,342.0
Dynamic,1000,1.006,994.1,342.0
Dynamic,1000,0.955,1047.1,342.0
Dynamic,1000,0.981,1018.9,342.0
Dynamic,1000,1.116,896.4,342.0
Dynamic,1000,1.091,916.3,342.0
Dynamic,1000,1.183,845.2,342.0
Dynamic,1000,1.185,843.5,342.0
Dynamic,1000,1.241,805.7,342.0
Dynamic,1000,1.211,826.1,342.0
Dynamic,1000,1.222,818.6,342.0
Dynamic,1000,1.004,996.1,342.0
Dynamic,1000,1.044,958.2,342.0
Dynamic,1000,0.905,1104.5,342.0
Dynamic,1000,0.956,1045.8,342.0
Dynamic,1000,1.098,910.4,342.0
Dynamic,1000,1.152,867.9,342.0
Dynamic,1000,1.189,841.2,342.0
Dynamic,1000,1.103,906.8,342.0
Dynamic,1000,0.981,1019.6,342.0
Dynamic,1000,1.021,979.1,342.0
Dynamic,1000,0.981,1019.1,342.0
Dynamic,1000,1.051,951.4,342.0
Dynamic,1000,0.962,1039.3,342.0
Dynamic,1000,0.981,1019.1,342.0
Dynamic,1000,0.952,1050.5,342.0
Dynamic,1000,1.023,977.2,342.0
Dynamic,1000,1.192,838.9,342.0
Dynamic,1000,1.186,843.2,342.0
Dynamic,1000,1.145,873.6,342.0
Dynamic,1000,1.139,877.6,342.0
Dynamic,1000,1.218,821.1,342.0
Dynamic,1000,0.999,1001.4,342.0
Dynamic,1000,0.988,1012.3,342.0
Dynamic,1000,0.985,1015.0,342.0
Dynamic,1000,0.980,1020.8,342.0
Dynamic,1000,1.078,927.4,342.0
Dynamic,1000,0.961,1040.4,342.0
Dynamic,1000,0.959,1043.0,342.0
Dynamic,1000,0.953,1049.3,342.0
Dynamic,1000,0.995,1005.0,342.0
Dynamic,1000,1.105,904.7,342.0
Dynamic,1000,0.937,1067.7,342.0
Dynamic,1000,0.967,1034.6,342.0
Dynamic,1000,1.206,828.9,342.0
Dynamic,1000,1.134,881.8,342.0
Dynamic,1000,1.285,778.1,342.0
Dynamic,1000,1.176,850.1,342.0
Dynamic,1000,1.148,871.5,342.0
Dynamic,1000,1.038,963.6,342.0
Dynamic,1000,1.040,961.9,342.0
Dynamic,1000,0.990,1010.0,342.0
Dynamic,1000,1.014,986.7,342.0
Dynamic,1000,1.092,915.7,342.0
Dynamic,1000,0.972,1028.6,342.0
Dynamic,1000,1.050,952.4,342.0
Dynamic,1000,1.119,893.7,342.0
Dynamic,1000,1.008,992.1,342.0
Dynamic,1000,1.099,909.8,342.0
Dynamic,1000,1.140,876.8,342.0
Dynamic,1000,1.071,934.0,342.0
Dynamic,1000,1.109,901.9,342.0
Dynamic,1000,1.384,722.4,342.0
Dynamic,1000,1.264,791.2,342.0
Dynamic,1000,1.118,894.3,342.0
Dynamic,1000,1.044,958.0,342.0
Dynamic,1000,1.182,846.0,342.0
Dynamic,1000,1.218,821.0,342.0
Dynamic,1000,1.040,961.9,342.0
Dynamic,1000,1.012,988.4,342.0
Dynamic,1000,1.046,956.0,342.0
Dynamic,1000,1.227,815.0,342.0
Dynamic,1000,1.231,812.4,342.0
Dynamic,1000,1.178,848.6,342.0
Dynamic,1000,1.186,843.2,342.0
Dynamic,1000,1.240,806.7,342.0
Dynamic,1000,1.211,825.6,342.0
Dynamic,1000,1.048,953.8,342.0
Dynamic,1000,0.940,1064.4,342.0
Dynamic,1000,0.960,1041.4,342.0
Dynamic,1000,0.952,1050.2,342.0
Dynamic,1000,1.149,870.6,342.0
Dynamic,1000,1.191,839.9,342.0
Dynamic,1000,1.210,826.3,342.0
Dynamic,1000,1.191,839.9,342.0
Dynamic,1000,1.137,879.4,342.0
Dynamic,1000,1.208,827.9,342.0
Dynamic,1000,1.011,989.6,342.0
Dynamic,1000,1.062,941.7,342.0
Dynamic,1000,1.192,838.8,342.0
Dynamic,1000,1.072,932.9,342.0
Dynamic,1000,1.176,850.0,342.0
Dynamic,1000,0.998,1002.3,342.0
Dynamic,1000,0.963,1038.2,342.0
Dynamic,1000,0.981,1019.6,342.0
Dynamic,1000,1.006,993.6,342.0
Dynamic,1000,1.248,801.2,342.0
Dynamic,1000,1.173,852.4,342.0
Dynamic,1000,1.190,840.4,342.0
Dynamic,1000,0.988,1012.6,342.0
Dynamic,1000,1.039,962.3,342.0
Dynamic,1000,1.135,881.3,342.0
Dynamic,1000,0.954,1048.2,342.0
Dynamic,1000,1.204,830.6,342.0
Dynamic,1000,1.131,884.0,342.0
Dynamic,1000,1.233,811.1,342.0
Dynamic,1000,1.073,931.7,342.0
Dynamic,1000,0.995,1004.8,342.0
Dynamic,1000,0.990,1009.8,342.0
Dynamic,1000,1.007,993.3,342.0
Dynamic,1000,1.144,874.3,342.0
Dynamic,1000,1.134,881.6,342.0
Dynamic,1000,1.176,850.5,342.0
Dynamic,1000,1.072,932.6,342.0
Dynamic,1000,1.034,967.5,342.0
Dynamic,1000,0.951,1051.5,342.0
Dynamic,1000,0.926,1079.7,342.0
Dynamic,1000,0.936,1068.2,342.0
Dynamic,1000,0.983,1017.4,342.0
Dynamic,1000,1.007,993.3,342.0
Dynamic,1000,0.975,1026.1,342.0
Dynamic,1000,0.941,1062.2,342.0
Dynamic,1000,0.991,1008.9,342.0
Dynamic,1000,0.970,1031.3,342.0
Dynamic,1000,1.021,979.8,342.0
Dynamic,1000,0.993,1006.7,342.0
Dynamic,1000,0.948,1055.0,342.0
Dynamic,1000,0.935,1069.8,342.0
Dynamic,1000,0.999,1001.2,342.0
Dynamic,1000,0.974,1026.4,342.0
Dynamic,1000,1.011,989.1,342.0
Dynamic,1000,0.957,1045.5,342.0
Dynamic,1000,0.948,1055.2,342.0
Dynamic,1000,0.970,1030.4,342.0
Dynamic,1000,0.952,1050.4,342.0
Dynamic,1000,0.990,1010.3,342.0
Dynamic,1000,0.970,1030.9,342.0
Dynamic,1000,0.954,1048.2,342.0
Dynamic,1000,1.115,896.8,342.0
Dynamic,1000,1.179,848.4,342.0
Dynamic,1000,1.181,846.8,342.0
Dynamic,1000,1.242,805.5,342.0
Dynamic,1000,1.189,841.3,342.0
Dynamic,1000,1.041,960.3,342.0
Dynamic,1000,1.011,989.4,342.0
Dynamic,1000,0.958,1043.3,342.0
Dynamic,1000,1.042,959.7,342.0
Dynamic,1000,0.963,1038.6,342.0
Dynamic,1000,0.985,1015.4,342.0
Dynamic,1000,1.249,800.9,342.0
Dynamic,1000,1.128,886.5,342.0
Dynamic,1000,1.184,844.3,342.0
Dynamic,1000,1.178,848.9,342.0
Dynamic,1000,1.264,791.3,342.0
Dynamic,1000,1.164,858.9,342.0
Dynamic,1000,1.155,865.5,342.0
Dynamic,1000,1.176,850.4,342.0
Dynamic,1000,1.214,823.6,342.0
Dynamic,1000,1.136,880.4,342.0
Dynamic,1000,0.987,1012.8,342.0
Dynamic,1000,1.041,961.0,342.0
Dynamic,1000,0.979,1021.8,342.0
Dynamic,1000,1.111,900.4,342.0
Dynamic,1000,1.009,990.9,342.0
Dynamic,1000,1.028,972.5,342.0
Dynamic,1000,1.269,787.8,342.0
Dynamic,1000,1.347,742.2,342.0
Dynamic,1000,1.061,942.9,342.0
Dynamic,1000,1.018,982.6,342.0
Dynamic,1000,1.013,987.5,342.0
Dynamic,1000,1.128,886.6,342.0
Dynamic,1000,1.161,861.6,342.0
Dynamic,1000,1.066,938.0,342.0
Dynamic,1000,1.012,988.0,342.0
Dynamic,1000,0.913,1095.1,342.0
Dynamic,1000,1.277,783.4,342.0
Dynamic,1000,1.234,810.7,342.0
Dynamic,1000,1.020,980.1,342.0
Dynamic,1000,0.986,1014.1,342.0
Dynamic,1000,0.991,1009.0,342.0
Dynamic,1000,1.216,822.4,342.0
Dynamic,1000,1.049,953.4,342.0
Dynamic,1000,0.871,1148.3,342.0
Dynamic,1000,0.956,1045.7,342.0
Dynamic,1000,0.924,1081.7,342.0
Dynamic,1000,0.977,1023.5,342.0
Dynamic,1000,0.944,1059.0,342.0
Dynamic,1000,0.938,1066.3,342.0
Dynamic,1000,0.937,1067.3,342.0
Dynamic,1000,0.874,1143.7,342.0
Dynamic,1000,1.003,996.8,342.0
Dynamic,1000,0.913,1094.8,342.0
Dynamic,1000,0.930,1075.0,342.0
Dynamic,1000,1.004,995.9,342.0
Dynamic,1000,0.923,1083.5,342.0
Dynamic,1000,1.101,908.7,342.0
Dynamic,1000,0.975,1025.8,342.0
Dynamic,1000,1.041,960.8,342.0
Dynamic,1000,0.960,1041.7,342.0
Dynamic,1000,0.911,1097.2,342.0
Dynamic,1000,1.028,972.7,342.0
Dynamic,1000,0.879,1137.8,342.0
Dynamic,1000,0.925,1081.1,342.0
Dynamic,1000,1.047,955.5,342.0
Dynamic,1000,0.918,1089.6,342.0
Dynamic,1000,0.932,1072.5,342.0
Dynamic,1000,1.044,957.6,342.0
Dynamic,1000,0.925,1081.2,342.0
Dynamic,1000,1.014,985.7,342.0
Dynamic,1000,0.951,1051.3,342.0
Dynamic,1000,0.958,1043.9,342.0
Dynamic,1000,0.977,1023.2,342.0
Dynamic,1000,0.940,1064.2,342.0
Dynamic,1000,0.930,1074.8,342.0
Dynamic,1000,0.915,1093.1,342.0
Dynamic,1000,0.944,1059.1,342.0
Dynamic,1000,1.034,967.4,342.0
Dynamic,1000,0.922,1084.7,342.0
Dynamic,1000,0.978,1022.2,342.0
Dynamic,1000,0.976,1025.1,342.0
Dynamic,1000,0.988,1012.2,342.0
Dynamic,1000,1.059,944.3,342.0
Dynamic,1000,1.178,848.8,342.0
Dynamic,1000,1.242,805.2,342.0
Dynamic,1000,1.360,735.2,342.0
Dynamic,1000,1.370,729.8,342.0
Dynamic,1000,1.157,864.3,342.0
Dynamic,1000,1.113,898.8,342.0
Dynamic,1000,1.183,845.3,342.0
Dynamic,1000,1.306,765.8,342.0
Dynamic,1000,1.042,959.3,342.0
Dynamic,1000,0.970,1030.5,342.0
Dynamic,1000,1.089,918.2,342.0
Dynamic,1000,1.201,832.8,342.0
Dynamic,1000,1.236,809.0,342.0
Dynamic,1000,1.109,901.7,342.0
Dynamic,1000,0.957,1044.9,342.0
Dynamic,1000,0.988,1012.1,342.0
Dynamic,1000,1.069,935.3,342.0
Dynamic,1000,0.924,1081.7,342.0
Dynamic,1000,0.945,1058.2,342.0
Dynamic,1000,0.974,1026.4,342.0
Dynamic,1000,0.979,1021.3,342.0
Dynamic,1000,1.024,976.4,342.0
Dynamic,1000,0.990,1009.7,342.0
Dynamic,1000,0.976,1024.3,342.0
Dynamic,1000,1.040,962.0,342.0
Dynamic,1000,0.952,1050.9,342.0
Dynamic,1000,1.033,968.4,342.0
Dynamic,1000,0.944,1058.9,342.0
Dynamic,1000,0.945,1058.5,342.0
Dynamic,1000,0.988,1012.3,342.0
Dynamic,1000,1.016,984.2,342.0
Dynamic,1000,1.063,940.4,342.0
Dynamic,1000,1.013,987.2,342.0
Dynamic,1000,0.961,1041.0,342.0
Dynamic,1000,0.887,1127.6,342.0
Dynamic,1000,0.960,1042.0,342.0
Dynamic,1000,0.930,1074.7,342.0
Dynamic,1000,1.055,947.5,342.0
Dynamic,1000,1.056,946.9,342.0
Dynamic,1000,0.956,1046.5,342.0
Dynamic,1000,0.952,1050.9,342.0
Dynamic,1000,0.971,1030.2,342.0
Dynamic,1000,1.018,981.9,342.0
Dynamic,1000,1.034,967.2,342.0
Dynamic,1000,0.997,1003.4,342.0
Dynamic,1000,0.943,1060.3,342.0
Dynamic,1000,0.953,1049.2,342.0
Dynamic,1000,1.149,870.3,342.0
Dynamic,1000,0.977,1023.7,342.0
Dynamic,1000,0.988,1011.7,342.0
Dynamic,1000,1.018,982.4,342.0
Dynamic,1000,0.981,1019.2,342.0
Dynamic,1000,0.886,1128.1,342.0
Dynamic,1000,0.954,1048.3,342.0
Dynamic,1000,0.993,1007.1,342.0
Dynamic,1000,0.976,1024.7,342.0
Dynamic,1000,0.966,1034.9,342.0
Dynamic,1000,1.151,869.0,342.0
Dynamic,1000,0.891,1121.9,342.0
Dynamic,1000,0.910,1099.1,342.0
Dynamic,1000,0.942,1061.7,342.0
Dynamic,1000,0.937,1067.8,342.0
Dynamic,1000,1.101,908.6,342.0
Dynamic,1000,1.032,968.8,342.0
Dynamic,1000,1.123,890.2,342.0
Dynamic,1000,1.073,932.4,342.0
Dynamic,1000,0.967,1033.6,342.0
Dynamic,1000,0.922,1084.4,342.0
Dynamic,1000,1.023,977.6,342.0
Dynamic,1000,1.042,959.5,342.0
Dynamic,1000,0.958,1043.5,342.0
Dynamic,1000,1.012,987.9,342.0
Dynamic,1000,1.014,986.6,342.0
Dynamic,1000,1.197,835.5,342.0
Dynamic,1000,1.090,917.8,342.0
Dynamic,1000,1.115,896.5,342.0
Dynamic,1000,1.083,923.0,342.0
Dynamic,1000,0.966,1035.1,342.0
Dynamic,1000,0.901,1110.1,342.0
Dynamic,1000,0.909,1099.7,342.0
Dynamic,1000,0.992,1007.7,342.0
Dynamic,1000,1.043,958.4,342.0
Dynamic,1000,0.943,1060.6,342.0
Dynamic,1000,0.973,1028.2,342.0
Dynamic,1000,0.940,1063.3,342.0
Dynamic,1000,0.936,1068.2,342.0
Dynamic,1000,1.106,904.5,342.0
Dynamic,1000,0.921,1085.4,342.0
Dynamic,1000,1.005,995.3,342.0
Dynamic,1000,0.978,1022.6,342.0
Dynamic,1000,0.971,1030.1,342.0
Dynamic,1000,1.065,939.0,342.0
Dynamic,1000,1.018,981.9,342.0
Dynamic,1000,1.027,973.5,342.0
Dynamic,1000,1.056,946.7,342.0
Dynamic,1000,1.119,893.5,342.0
Dynamic,1000,1.179,848.4,342.0
Dynamic,1000,0.992,1008.0,342.0
Dynamic,1000,0.992,1008.5,342.0
Dynamic,1000,0.915,1092.7,342.0
Dynamic,1000,0.920,1086.4,342.0
Dynamic,1000,0.996,1004.0,342.0
Dynamic,1000,0.991,1008.7,342.0
Dynamic,1000,0.927,1079.1,342.0
Dynamic,1000,0.913,1095.9,342.0
Dynamic,1000,0.987,1013.1,342.0
Dynamic,1000,1.053,949.5,342.0
Dynamic,1000,0.955,1047.4,342.0
Dynamic,1000,0.974,1026.3,342.0
Dynamic,1000,0.952,1050.5,342.0
Dynamic,1000,0.924,1081.8,342.0
Dynamic,1000,1.002,998.1,342.0
Dynamic,1000,0.916,1091.7,342.0
Dynamic,1000,0.974,1027.0,342.0
Dynamic,1000,0.945,1057.7,342.0
Dynamic,1000,0.961,1040.1,342.0
Dynamic,1000,1.000,999.7,342.0
Dynamic,1000,0.949,1054.3,342.0
Dynamic,1000,0.934,1070.9,342.0
Dynamic,1000,0.910,1098.6,342.0
Dynamic,1000,0.950,1053.1,342.0
Dynamic,1000,0.910,1099.0,342.0
Dynamic,1000,1.042,960.1,342.0
Dynamic,1000,0.933,1071.3,342.0
Dynamic,1000,0.909,1099.8,342.0
Dynamic,1000,1.010,989.6,342.0
Dynamic,1000,1.012,988.5,342.0
Dynamic,1000,1.024,976.3,342.0
Dynamic,1000,0.998,1002.3,342.0
Dynamic,1000,1.004,996.4,342.0
Dynamic,1000,1.056,946.9,342.0
Dynamic,1000,0.927,1078.5,342.0
Dynamic,1000,1.049,953.2,342.0
Dynamic,1000,1.059,944.5,342.0
Dynamic,1000,0.979,1021.8,342.0
Dynamic,1000,0.968,1033.6,342.0
Dynamic,1000,0.924,1081.8,342.0
Dynamic,1000,1.005,994.7,342.0
Dynamic,1000,1.001,999.3,342.0
Dynamic,1000,0.966,1035.6,342.0
Dynamic,1000,0.978,1022.7,342.0
Dynamic,1000,1.015,985.5,342.0
Dynamic,1000,1.255,796.6,342.0
Dynamic,1000,1.096,912.6,342.0
Dynamic,1000,0.988,1012.6,342.0
Dynamic,1000,0.983,1017.3,342.0
Dynamic,1000,1.059,943.9,342.0
Dynamic,1000,0.910,1098.7,342.0
Dynamic,1000,0.909,1099.9,342.0
Dynamic,1000,0.939,1064.4,342.0
Dynamic,1000,1.030,970.7,342.0
Dynamic,1000,1.171,854.2,342.0
Dynamic,1000,1.103,906.6,342.0
Dynamic,1000,1.033,968.0,342.0
Dynamic,1000,1.000,1000.4,342.0
Dynamic,1000,1.175,850.9,342.0
Dynamic,1000,1.439,694.8,342.0
Dynamic,1000,1.312,762.1,342.0
Dynamic,1000,1.255,796.6,342.0
Dynamic,1000,1.195,836.8,342.0
Dynamic,1000,1.465,682.7,342.0
Dynamic,1000,1.352,739.5,342.0
Dynamic,1000,1.396,716.4,342.0
Dynamic,1000,1.382,723.8,342.0
Dynamic,1000,1.067,937.1,342.0
Dynamic,1000,0.965,1036.1,342.0
Dynamic,1000,1.234,810.1,342.0
Dynamic,1000,1.169,855.1,342.0
Dynamic,1000,1.227,815.2,342.0
Dynamic,1000,1.283,779.6,342.0
Dynamic,1000,1.435,696.8,342.0
Dynamic,1000,1.488,672.3,342.0
Dynamic,1000,1.487,672.4,342.0
Dynamic,1000,1.473,678.8,342.0
Dynamic,1000,1.570,636.8,342.0
Dynamic,1000,1.388,720.5,342.0
Dynamic,1000,1.489,671.7,342.0
Dynamic,1000,1.414,707.0,342.0
Dynamic,1000,1.519,658.4,342.0
Dynamic,1000,1.394,717.1,342.0
Dynamic,1000,1.406,711.3,342.0
Dynamic,1000,1.160,862.4,342.0
Dynamic,1000,1.282,780.1,342.0
Dynamic,1000,1.263,791.8,342.0
Dynamic,1000,1.259,794.1,342.0
Dynamic,1000,1.274,785.2,342.0
Dynamic,1000,1.309,764.0,342.0
Dynamic,1000,1.607,622.4,342.0
Dynamic,1000,1.447,691.1,342.0
Dynamic,1000,1.587,630.1,342.0
Dynamic,1000,1.377,726.5,342.0
Dynamic,1000,1.270,787.7,342.0
Dynamic,1000,1.252,798.7,342.0
Dynamic,1000,1.316,759.8,342.0
Dynamic,1000,1.226,815.7,342.0
Dynamic,1000,1.043,958.6,342.0
Dynamic,1000,0.991,1009.3,342.0
Dynamic,1000,1.062,941.6,342.0
Dynamic,1000,0.978,1022.1,342.0
Dynamic,1000,1.078,928.0,342.0
